{"probs": [0.8296861052513123, 0.17031385004520416]}
{"probs": [0.27964678406715393, 0.7203531861305237]}
{"probs": [0.9820120334625244, 0.017987987026572227]}
{"probs": [0.9855771660804749, 0.01442286092787981]}
{"probs": [0.7720949053764343, 0.22790510952472687]}
{"probs": [0.9966574907302856, 0.003342488780617714]}
{"probs": [0.4823192059993744, 0.5176807641983032]}
{"probs": [0.8505033254623413, 0.14949670433998108]}
{"probs": [0.13846102356910706, 0.8615388870239258]}
{"probs": [0.7383851408958435, 0.26161491870880127]}
{"probs": [0.8105872869491577, 0.18941271305084229]}
{"probs": [0.9999693632125854, 3.0594314011977986e-05]}
{"probs": [0.9468444585800171, 0.053155623376369476]}
{"probs": [0.9951802492141724, 0.0048197670839726925]}
{"probs": [0.9985318183898926, 0.0014681329485028982]}
{"probs": [0.9322070479393005, 0.06779295951128006]}
{"probs": [0.9987599849700928, 0.001240076613612473]}
{"probs": [0.5019047260284424, 0.4980952739715576]}
{"probs": [0.9328505396842957, 0.06714951246976852]}
{"probs": [0.9999788999557495, 2.107944783347193e-05]}
{"probs": [0.8778015971183777, 0.12219841778278351]}
{"probs": [0.9815666675567627, 0.01843337155878544]}
{"probs": [0.235662579536438, 0.764337420463562]}
{"probs": [0.9988409876823425, 0.0011589962523430586]}
{"probs": [0.9924210906028748, 0.007578955963253975]}
{"probs": [0.9999688863754272, 3.114192440989427e-05]}
{"probs": [0.9992566704750061, 0.0007433663122355938]}
{"probs": [0.9695731401443481, 0.030426885932683945]}
{"probs": [0.9999960660934448, 3.919086793757742e-06]}
{"probs": [0.9810776114463806, 0.018922392278909683]}
{"probs": [0.6997828483581543, 0.3002171218395233]}
{"probs": [0.24223002791404724, 0.7577700018882751]}
{"probs": [0.8984488844871521, 0.10155108571052551]}
{"probs": [0.6548376679420471, 0.3451623320579529]}
{"probs": [0.9997548460960388, 0.0002451564359944314]}
{"probs": [0.9992823004722595, 0.000717688410077244]}
{"probs": [0.9999569654464722, 4.3008018110413104e-05]}
{"probs": [0.9971396923065186, 0.002860380569472909]}
{"probs": [0.83897864818573, 0.16102130711078644]}
{"probs": [0.9224017262458801, 0.07759826630353928]}
{"probs": [0.9916028380393982, 0.00839712843298912]}
{"probs": [0.9863661527633667, 0.01363387331366539]}
{"probs": [0.9810262322425842, 0.01897379383444786]}
{"probs": [0.83150714635849, 0.1684928834438324]}
{"probs": [0.9989822506904602, 0.0010176938958466053]}
{"probs": [0.9999394416809082, 6.0539241530932486e-05]}
{"probs": [0.8285501599311829, 0.17144982516765594]}
{"probs": [0.99988853931427, 0.00011150402860948816]}
{"probs": [0.7271904945373535, 0.2728094458580017]}
{"probs": [0.999276340007782, 0.0007237297249957919]}
{"probs": [0.9926773309707642, 0.007322684861719608]}
{"probs": [0.9993576407432556, 0.0006423533195629716]}
{"probs": [0.6753620505332947, 0.3246379494667053]}
{"probs": [0.9428520798683167, 0.057147860527038574]}
{"probs": [0.9166436791419983, 0.0833563357591629]}
{"probs": [0.9988793730735779, 0.0011206596391275525]}
{"probs": [0.9957964420318604, 0.004203583113849163]}
{"probs": [0.001333287451416254, 0.9986667633056641]}
{"probs": [0.9975121021270752, 0.0024879472330212593]}
{"probs": [0.9952120780944824, 0.004787874408066273]}
{"probs": [0.9322790503501892, 0.0677209421992302]}
{"probs": [0.8148703575134277, 0.18512962758541107]}
{"probs": [0.9094489812850952, 0.09055107831954956]}
{"probs": [0.9066699147224426, 0.09333009272813797]}
{"probs": [0.9961546063423157, 0.0038454087916761637]}
{"probs": [0.8015639781951904, 0.19843605160713196]}
{"probs": [0.9974145889282227, 0.002585383364930749]}
{"probs": [0.3566116988658905, 0.6433883309364319]}
{"probs": [0.9984468817710876, 0.0015531234676018357]}
{"probs": [0.9997004270553589, 0.00029965638532303274]}
{"probs": [0.9487721920013428, 0.05122784525156021]}
{"probs": [0.9992781281471252, 0.0007219208055175841]}
{"probs": [0.8857686519622803, 0.1142314150929451]}
{"probs": [0.8012484312057495, 0.19875158369541168]}
{"probs": [0.9767640829086304, 0.023235905915498734]}
{"probs": [0.9488018751144409, 0.0511980801820755]}
{"probs": [0.0010076137259602547, 0.998992383480072]}
{"probs": [0.999369204044342, 0.0006308254669420421]}
{"probs": [0.9994227886199951, 0.0005772463046014309]}
{"probs": [0.9210024476051331, 0.07899762690067291]}
{"probs": [0.8537648916244507, 0.14623509347438812]}
{"probs": [0.9955060482025146, 0.004493940621614456]}
{"probs": [0.18555909395217896, 0.814440906047821]}
{"probs": [0.985304057598114, 0.014695905148983002]}
{"probs": [0.6180980801582336, 0.38190189003944397]}
{"probs": [0.04136422649025917, 0.9586358070373535]}
{"probs": [0.8563538193702698, 0.1436462104320526]}
{"probs": [0.9999772310256958, 2.2775722754886374e-05]}
{"probs": [0.7917605638504028, 0.20823940634727478]}
{"probs": [0.4808526635169983, 0.5191473364830017]}
{"probs": [0.4315418303012848, 0.5684581398963928]}
{"probs": [0.9999978542327881, 2.1653306703228736e-06]}
{"probs": [0.9997822642326355, 0.00021771062165498734]}
{"probs": [0.5584548115730286, 0.44154518842697144]}
{"probs": [0.005429553333669901, 0.9945704340934753]}
{"probs": [0.9745532870292664, 0.025446651503443718]}
{"probs": [0.8942582011222839, 0.10574176907539368]}
{"probs": [0.9885029196739197, 0.01149700116366148]}
{"probs": [0.97683185338974, 0.023168114945292473]}
{"probs": [0.44618719816207886, 0.5538128614425659]}
{"probs": [0.02011820487678051, 0.979881763458252]}
{"probs": [0.015142271295189857, 0.9848576784133911]}
{"probs": [0.010068463161587715, 0.989931583404541]}
{"probs": [0.0007784709450788796, 0.9992215633392334]}
{"probs": [0.0004952875315211713, 0.9995046854019165]}
{"probs": [1.276995044463547e-05, 0.9999872446060181]}
{"probs": [5.702514681615867e-05, 0.9999430179595947]}
{"probs": [0.0013201915426179767, 0.9986798167228699]}
{"probs": [5.8952249673893675e-05, 0.9999409914016724]}
{"probs": [0.8460899591445923, 0.1539100557565689]}
{"probs": [0.008484946563839912, 0.991515040397644]}
{"probs": [0.49885377287864685, 0.5011461973190308]}
{"probs": [0.0023489671293646097, 0.9976510405540466]}
{"probs": [0.00022703145805280656, 0.9997729659080505]}
{"probs": [0.046427588909864426, 0.9535723924636841]}
{"probs": [0.006379718426615, 0.9936202168464661]}
{"probs": [0.11620598286390305, 0.8837940096855164]}
{"probs": [0.05514273792505264, 0.9448572397232056]}
{"probs": [8.46550174173899e-05, 0.999915361404419]}
{"probs": [0.060193516314029694, 0.9398064613342285]}
{"probs": [0.16556495428085327, 0.8344350457191467]}
{"probs": [8.013050489807938e-08, 0.9999998807907104]}
{"probs": [0.6835342049598694, 0.3164657652378082]}
{"probs": [7.816945981176104e-06, 0.9999921321868896]}
{"probs": [0.20048607885837555, 0.7995139360427856]}
{"probs": [0.15216970443725586, 0.8478302359580994]}
{"probs": [2.904502434830647e-05, 0.9999709129333496]}
{"probs": [0.0022962072398513556, 0.9977038502693176]}
{"probs": [0.00473787309601903, 0.9952621459960938]}
{"probs": [0.7754761576652527, 0.22452378273010254]}
{"probs": [0.03481670469045639, 0.9651833176612854]}
{"probs": [0.001490835566073656, 0.9985091090202332]}
{"probs": [0.018794864416122437, 0.9812051057815552]}
{"probs": [0.016529526561498642, 0.9834704995155334]}
{"probs": [0.008174325339496136, 0.9918256998062134]}
{"probs": [0.003518631448969245, 0.9964812994003296]}
{"probs": [0.07423503696918488, 0.9257649183273315]}
{"probs": [0.01845562644302845, 0.9815443754196167]}
{"probs": [0.17050044238567352, 0.8294995427131653]}
{"probs": [0.0026891848538070917, 0.9973108768463135]}
{"probs": [6.517567089758813e-05, 0.9999347925186157]}
{"probs": [1.01760939230644e-07, 0.9999998807907104]}
{"probs": [2.5001279482239624e-06, 0.9999974966049194]}
{"probs": [0.10814081877470016, 0.8918591737747192]}
{"probs": [0.0001014165609376505, 0.9998985528945923]}
{"probs": [0.008112267591059208, 0.9918877482414246]}
{"probs": [0.0007008189568296075, 0.999299168586731]}
{"probs": [0.04498627036809921, 0.9550137519836426]}
{"probs": [0.00017135277448687702, 0.999828577041626]}
